{
    "epoch": [
        0,
        1,
        2,
        3,
        4
    ],
    "train_loss": [
        0.05310545861721039,
        0.045290905982255936,
        0.03890587389469147,
        0.03384964168071747,
        0.030029715970158577
    ],
    "lr": [
        0.001,
        0.001,
        0.001,
        0.001,
        0.001
    ],
    "val_loss": [
        0.009045553393661976,
        0.00723509956151247,
        0.006522390991449356,
        0.00676538422703743,
        0.007791819516569376
    ]
}