{
    "epoch": [
        0,
        1
    ],
    "train_loss": [
        0.21419747173786163,
        0.21144580841064453
    ],
    "lr": [
        0.001,
        0.001
    ],
    "val_loss": [
        0.21384288370609283,
        0.2152365893125534
    ]
}